group,n1,n2,n3,n4,n5,n6,n7,n8,n9,n10,n11
All,1.000011271,1.000052598,1.000011271,0.999969944,1.000011271,0.999928618,0.999928618,1.000052598,0.999969944,1.000052598,1.000011271
OECD,1.000012692,1.00005923,1.000012692,0.999966154,1.000012692,0.999919616,0.999919616,1.00005923,0.999966154,1.00005923,1.000012692
Nordic,1.000327869,0.99852459,0.99942623,0.99942623,1.001229508,1.000327869,0.99942623,1.000327869,1.001229508,1.001229508,0.99852459
Latin,0.999024024,0.999436937,1.000262763,1.000262763,1.000262763,1.000262763,1.000262763,0.99984985,1.000262763,0.99984985,1.000262763
male,1.00001944,1.00001944,1.000090718,0.999805604,0.999948161,1.000090718,0.999948161,1.000090718,0.999948161,1.00001944,1.00001944
female,1.000026822,1.00012517,1.000026822,0.999928474,1.000026822,0.999830127,0.999830127,1.00012517,0.999928474,1.00012517,1.000026822
15-24,1.00005681,1.000265111,1.00005681,0.999848508,1.00005681,0.999640206,0.999640206,1.000265111,0.999848508,1.000265111,1.00005681
65+,1.000326158,0.99853229,1.000326158,0.99853229,1.000326158,1.002120026,1.000326158,0.99853229,1.000326158,1.000326158,1.000326158
